Index,Model,Features,Countantom-avg,Countantom-med,Countantom-stdev,Ganak-avg,Ganak-med,Ganak-stdev,Sharpsat-avg,Sharpsat-med,Sharpsat-stdev,D4query-avg,D4query-med,D4query-stdev,Ddknnifec2d-avg,Ddknnifec2d-med,Ddknnifec2d-stdev,Queryc2d-avg,Queryc2d-med,Queryc2d-stdev,Ddknnifedsharp-avg,Ddknnifedsharp-med,Ddknnifedsharp-stdev,Ddnnifed4-avg,Ddnnifed4-med,Ddnnifed4-stdev,Queryd4-avg,Queryd4-med,Queryd4-stdev
1,cnf/Smarch/LLVM.dimacs,11,12.893961019679,11.9946610981133,1.33246726357198,1.33406611608807,1.32808357127943,0.025694223266232,1.45407376184128,1.44407823338406,0.038094055008638,0.042356374934316,0.042329034768045,0.001335440662076,1800,1800,0,1800,1800,0,0.03311175535433,0.030116722220555,0.013215871039149,0.045611445643008,0.044999782927335,0.002423050513234,0.024826199803502,0.024463231209666,0.002347836272224
2,cnf/Smarch/X264.dimacs,16,12.9472277741367,11.9714582517045,1.37095559086331,1.33667483087629,1.32891689555254,0.039290177080446,1.45320059319492,1.44702847918962,0.041868377303482,0.042384837307036,0.042321019805968,0.001029285024797,0.044508169405162,0.044491148786619,0.004872132812691,0.046180846793577,0.046128171961755,0.005124382416751,0.030785479461774,0.026457835454494,0.011146729824208,0.04547356273979,0.044759254902602,0.002188649510826,0.02646767818369,0.026069916784764,0.00259630286089
3,cnf/Smarch/Dune.dimacs,17,13.1497803065367,12.152429208043,1.43491364813676,1.33603588114027,1.3292114896467,0.027341420883068,1.44095196484122,1.43577134481166,0.03100911168148,0.043382449522615,0.043013875372708,0.001655715701187,0.064384556403384,0.065122925210744,0.007647499624392,0.067034723814577,0.067141338950023,0.007676240159553,0.035394706726074,0.031797146890312,0.013531390732876,0.046945002637804,0.046011391095818,0.00216059672378,0.029375992147252,0.029215045273304,0.002472058848331
4,cnf/Smarch/BerkeleyDBC.dimacs,18,12.3686792425485,11.9511933969334,1.15073620199297,1.33564381094649,1.33352289081086,0.028438836510009,1.44716345354682,1.44343187962658,0.028162418074006,0.043047157898545,0.04277440533042,0.001488416028792,0.078226878950372,0.076383241917938,0.007126168458281,0.079414530042559,0.078249274985865,0.00706526270009,0.030712084202096,0.029811989748851,0.008384278893117,0.046207867152989,0.045763096772134,0.00242001102954,0.027228747541085,0.026979943970219,0.003383333350215
5,cnf/Smarch/lrzip.dimacs,20,11.5746382912807,11.5970258355374,0.071384597274273,1.34340896277688,1.34244817704894,0.030055068163588,1.43794811257161,1.43020268413238,0.03151379403528,0.034404218532145,0.034256082028151,0.0010350876374,0.071666960017756,0.070770904421806,0.007416672364001,0.07353783451952,0.072870759759098,0.007782767694993,0.109113630596548,0.039188861614094,0.428169971037181,0.044298358336091,0.044874869287014,0.004779307867599,0.028798324652016,0.028398523107171,0.004252650641048
6,cnf/Smarch/HiPAcc.dimacs,31,17.7824603019701,16.7573199077742,1.88331082851418,1.79945513516199,1.78762951598037,0.047951070082915,1.93523001373746,1.9312297271099,0.048732611778462,0.044873698763549,0.044823248870671,0.000955930880046,0.24677076453343,0.246109652798623,0.009574066090023,0.261439030990005,0.26115792337805,0.009630838700904,0.038527512690053,0.035430688178167,0.011240542269234,0.052652934677899,0.052964236587286,0.003255375984357,0.040895904535428,0.040601844433695,0.002543450025301
7,cnf/Smarch/JavaGC.dimacs,39,17.4186456485745,16.3726544418605,1.71703826166141,1.78679686449468,1.77414994616993,0.044501587164948,1.93728720656131,1.92961220303551,0.084621251484865,0.045231053084135,0.045139528810978,0.001120634667106,0.299751999275759,0.299620148027316,0.004086322307291,0.308283840706572,0.307969979709014,0.004240598335284,0.038054890753701,0.034526474308222,0.012719757313262,0.051893056146801,0.0523443184793,0.00178353228538,0.038623134847731,0.038792910752818,0.002505239800465
8,cnf/Smarch/Polly.dimacs,40,17.4020397688216,16.3250644865912,1.70802529788273,1.79484838894103,1.78847635968123,0.049257161948716,1.97420012006536,1.91350663779303,0.153262626311285,0.045542110912502,0.045425584539771,0.000737598561183,0.296742912260815,0.295771676814184,0.006399196133657,0.30543022301048,0.304234951501712,0.00584422381104,0.035898366812617,0.034066141350195,0.011376343745515,0.051182408556342,0.051540097221733,0.001977476717641,0.039868367286399,0.040013588732109,0.002854092888711
9,cnf/Smarch/VP9.dimacs,42,17.0712393448828,16.1612624479458,1.60333246493964,1.79239373967983,1.78571266646031,0.040012973216578,1.92052386643598,1.91439505532616,0.056216367096829,0.045211849585176,0.045027147047222,0.000830337246882,0.328213462317362,0.326729807071388,0.008347939577729,0.337509322278202,0.336159429512918,0.008581225485989,0.035711858822033,0.0326145098079,0.014601279842198,0.051315197125078,0.05184134002775,0.002016121359014,0.039271109886468,0.039305162383243,0.002860295618985
10,cnf/Smarch/7z.dimacs,44,18.2805475057289,18.1189919628669,1.78187007145757,1.80200339757372,1.79208394698798,0.053595885030183,1.9139338289923,1.91877745330567,0.02555943581606,0.044563704244793,0.044386081397534,0.001744065640921,0.246239723172039,0.25156038464047,0.025349222730508,0.255531222932041,0.260832712054253,0.02527211554863,0.293403101591394,0.033997780177742,1.76104575319933,0.050043953321874,0.051134334877133,0.00423146430757,0.040852291472256,0.040559502318502,0.00438390736061
11,cnf/Smarch/JHipster.dimacs,45,17.317340020244,16.0871162008261,1.79138765782289,1.82243771118112,1.82602719904389,0.062056484074384,1.92827235232573,1.93228870851454,0.060652619012718,0.044106238000095,0.044172494672239,0.000551717748113,0.300584908304736,0.30138501804322,0.00890251513756,0.311701652212068,0.312220859108493,0.009297886167318,0.036807123022154,0.035095304017886,0.009202980629848,0.0518786033988,0.051501842215658,0.003155167299862,0.039721176279709,0.039478903403506,0.001942684745955
12,cnf/featureide_examples/berkeleydb.dimacs,76,21.876168980808,20.5351535696537,2.34790379914531,2.25115908366628,2.25265278643928,0.050683100244165,2.52573572720401,2.49285834049806,0.09310669070217,0.046625595986843,0.046606027521193,0.001238863010257,0.425999600337818,0.426361788529903,0.012549574616999,0.46589232634753,0.464569482021034,0.012576650166815,0.038371385065839,0.038351594237611,0.00378972699156,0.063494389615953,0.064362734556199,0.003002643367172,0.061311414819211,0.061630608281121,0.004378752281551
13,cnf/Smarch/axtls_2_1_4.dimacs,94,23.8051465010736,25.194484135951,2.23950954764241,2.30176493099891,2.30843188497238,0.061111605011091,2.42832091239281,2.38995408470509,0.149907209986451,0.043304582200945,0.043424331583083,0.001076287081161,0.546609449787065,0.544896250357851,0.010238069166052,0.589798557506874,0.58798942854628,0.011265173660282,0.046633599996567,0.039700634544715,0.014563137558256,0.061221546791494,0.061390007846058,0.003927906717707,0.073051131619141,0.072901549749077,0.004825141691465
14,cnf/KConfig/axTLS.dimacs,96,20.5990631844522,19.7276625396917,1.60115205769833,2.31847372444812,2.31715884117876,0.033608209714211,2.40377071093069,2.35671708954032,0.152870128577199,0.045465123727918,0.04780912399292,0.003622385697209,0.474326418396086,0.473826922476292,0.008277572809337,0.498267573444173,0.497031266335398,0.00840848049082,0.03279459470883,0.03281734045595,0.003369999781517,0.052590817175806,0.05360543448478,0.004634100678007,0.051985894897953,0.051784226903692,0.004447228451408
15,cnf/Smarch/fiasco_17_10.dimacs,234,23.8900846117269,24.9510295457439,2.31222441342308,2.58425476680975,2.58436968794558,0.037783643476939,2.78016608031001,2.78150622866815,0.073838206967641,0.060510677658022,0.060373404994607,0.001148911165266,1.23191190954298,1.24014745978639,0.108916235015821,1.36641940691508,1.37859774706885,0.110801478287022,0.067262368798256,0.067500770092011,0.00457662905818,0.097744954563678,0.096056956797839,0.006323327884438,0.14161523135379,0.142126756021754,0.005624785366306
16,cnf/Smarch/uClibc-ng_1_0_29.dimacs,269,27.3966852044268,27.673430602299,0.840446995649725,2.68086374325678,2.67500493465922,0.056387183823416,2.84335077232216,2.83573851198889,0.049474524172794,0.069917358420789,0.07070804014802,0.001640828304257,0.893288049241528,0.89230709313415,0.114464062567738,1.06368244465441,1.06409638491459,0.114993273341011,0.086111697657034,0.08222559443675,0.015326926805587,0.106087879762054,0.1065205745399,0.002769518930612,0.31986463948153,0.317089181626216,0.008802374190637
17,cnf/KConfig/uClibc.dimacs,313,25.4475563406246,26.6473754878389,2.11089488579835,3.55177220901474,3.58824833878315,0.173332203059325,2.9625966076483,2.95406360120978,0.098345066279395,0.126058334410191,0.1293467534706,0.00819467953874,1.60890894435346,1.60398404183798,0.122784501558009,1.86667110689916,1.86222570063546,0.124524069396591,0.100743933748454,0.09178753127344,0.017882439077937,0.147483359389007,0.149479540064932,0.006380653496483,0.210327530112118,0.211290864972398,0.00842478455329
18,cnf/Smarch/toybox_0_7_5.dimacs,316,21.4180030635791,20.2799023538828,2.00199808959081,2.28970958659425,2.28837562189437,0.039055302443442,2.42038136087824,2.4137709211791,0.038433039767627,0.04108559884131,0.041070654988289,0.000922722954283,0.285425807768479,0.285606479737908,0.004880989041324,0.369828693792224,0.369859187863767,0.004869441647127,0.052308652466163,0.045513937016949,0.013068899837332,0.054384011328221,0.054930709302426,0.002933830948164,0.090513012912125,0.089927946217358,0.003818995423717
19,cnf/KConfig/uClinux-base.dimacs,380,27.3286442504311,28.8940120137995,2.28919139834365,4.46198959028814,4.52736577542964,0.266569552592196,3.98976151428884,4.01542369218078,0.13338980285021,0.137841529436409,0.137728899717331,0.000786022203111,2.05136934657581,2.08021930255927,0.265785747126686,2.26213334583677,2.29664684156887,0.267003945769157,0.100152083886787,0.094066766556352,0.015003318882618,0.15998041421175,0.160495308227837,0.007114570807757,0.285649007037282,0.29091162304394,0.01168541597517
20,cnf/confidential/automotive03/automotive03.dimacs,384,23.8612508745352,24.4853570306441,2.13661669749998,2.59613312399946,2.59646349819377,0.055916203240186,2.84605069537647,2.77496176515706,0.154490906176016,0.059812148027122,0.059724375605583,0.002560710041632,2.22255772864446,2.2539334401954,0.123090596839082,2.29457166617736,2.32555537042208,0.122326874282618,0.065485532768071,0.060848001390696,0.016885754466438,0.072710349336267,0.072537338361145,0.004928839560787,0.12128165259026,0.122457022080198,0.003984836391906
21,cnf/confidential/automotive06/automotive06.dimacs,449,26.6197660276433,27.111572097172,1.32145847581792,2.99703695802018,2.99842828605324,0.141548955331785,2.98186009867582,2.97684457281139,0.052317398022875,0.070381821617484,0.076643206179142,0.008363096926783,2.63478038042784,2.6313136536628,0.17025586840265,2.73493399299681,2.73336860910058,0.170743533686817,0.095989571446553,0.096929795574397,0.003665806590392,0.079987531118095,0.08007306046784,0.003047518838127,0.196034640436992,0.196282901102677,0.005034965599938
22,cnf/confidential/automotive04/04latest.dimacs,531,28.9539071616903,29.2341524846852,2.09770600685129,3.73990222986788,3.73821501177735,0.061504631145544,3.82468000198714,3.80877133738249,0.088040287132957,0.195259156860411,0.194032068364322,0.005259114035512,3.25379862125963,3.26368758059107,0.38720717315984,3.56172840859741,3.56998515501618,0.388251520958262,0.095983492350206,0.093172444030643,0.009880030035526,0.206462061144412,0.203794871456921,0.010647059937713,0.403701033284888,0.401344562880695,0.010550977401126
23,cnf/Smarch/toybox.dimacs,544,22.7498971303552,23.1470888169715,2.32924706117265,2.40982661302201,2.40973578463309,0.072359436582062,2.60844088766724,2.61960760992952,0.072179866915614,0.047896053791046,0.047801059670746,0.001138331023456,3.03927895119414,3.03521236823872,0.022566731097778,3.09613146941178,3.09229025081731,0.022203780217745,0.07648604484275,0.073135538026691,0.024415174950207,0.057953108586371,0.0579575849697,0.003688935861051,0.088989245323464,0.088396537583321,0.004407117688983
24,cnf/confidential/automotive07/automotive07.dimacs,581,31.2657176450081,32.8137088555377,2.48808762543904,5.21490938412957,5.14033103245311,0.167960045157701,4.98388190857135,4.979514838662,0.091479208616078,0.237357071638107,0.2366180466488,0.004947147098959,4.33713333938271,4.27752220118418,0.223966097373283,5.38284302630462,5.34515611175448,0.231007661309964,0.412088948031887,0.412019209004939,0.012310347987729,0.35302965156734,0.346720885485411,0.019341780257827,0.880012494670227,0.87454776186496,0.016750842483285
25,cnf/confidential/automotive03/03latest.dimacs,588,32.781214573402,33.7871780694695,2.12869356873816,4.07581226857379,4.0759792777244,0.07415053526753,4.32713566773105,4.31796524662059,0.083720134420037,0.169645901322365,0.168938755989075,0.004766575364613,4.99139999219216,4.94827081868425,0.347789591454196,5.44613545232452,5.4026054549031,0.349170189796982,0.156006361469626,0.152381032705307,0.014383364729026,0.182012423276901,0.177318712696433,0.012308912585815,0.413426702106372,0.408868541242555,0.013482793196423
26,cnf/Smarch/axTLS.dimacs,684,25.6114709149254,26.7067558241542,2.2065587856974,3.26304106194992,3.29333538736682,0.100250072086313,3.35271911456017,3.34127272019396,0.054158923205912,0.077030429244042,0.076407703571022,0.003250674557541,4.41180772657506,4.39734332356602,0.267379941271196,4.52604784552008,4.5141188330017,0.267862095238902,0.11739990782924,0.079826033907011,0.183938719319921,0.082271433137357,0.080425173975528,0.007785057093617,0.184211324891076,0.182888850336894,0.009737491448483
27,cnf/financial_services/financialServices_2018-05-09.dimacs,771,50.4969369087182,50.387441718136,1.1402783843806,5.0649966062326,5.08145510288887,0.068343520253791,5.30763510152698,5.28294320148416,0.105402905343998,0.429327313005924,0.427538903430104,0.012683975388816,10.9198503583949,10.9508606079035,0.415243833256808,12.6361532162502,12.6496341943275,0.414752900572311,1.16247116167098,1.16141040995717,0.019091556520755,0.597864888235927,0.591367069631815,0.022882125029964,1.19108394975774,1.18931324151345,0.020841374076285
28,cnf/KConfig/busybox-1.18.0.dimacs,854,28.2565307549573,28.3198986080242,0.260089367401598,3.14736684990581,3.17068588058464,0.096388485876338,3.05452912815614,3.05550851905719,0.057223412133481,0.109897694401443,0.109621397219598,0.001292995335802,2.28029693807475,2.27921167435125,0.154928549470688,2.67192550739273,2.66973056853749,0.156418800388081,0.103075729403645,0.102939006173983,0.004227240535765,0.084140417054296,0.084534808062017,0.003201036277716,0.427898839786649,0.430141902528704,0.011381658017133
29,cnf/Smarch/busybox_1_28_0.dimacs,998,36.0020322877727,36.0262761155609,0.700764469352632,26.860106273219,26.844294529059,0.126284130104929,26.2123731405986,26.2140986547457,0.150271517485578,0.197719418182969,0.196206193417311,0.006866161575065,2.08861986901611,2.09973231120966,0.131495657338313,3.23132267779671,3.24495427520014,0.139767026096269,19.1617311353423,19.104856187012,0.162397601875016,0.179532449692488,0.17887262813747,0.005359458190379,2.29999185222201,2.25759148807265,0.072284420163657
30,cnf/CDL/am31_sim.dimacs,1178,48.502981422334,48.8599429351743,1.25070572400736,52.9649137949524,52.9310712825973,0.271589049966585,40.7681450086855,40.6484736000421,0.287304959308914,3.28284677185118,3.25612685270607,0.059153631674774,15.9818076281156,15.8090795590542,0.860410287326245,54.1829358958174,54.1336085770745,0.983875434223838,21.9639408468269,22.0553880138323,0.316372575105335,6.1871602858603,6.1967541249469,0.102489033510145,33.2949160098936,33.3235585149378,0.398523367445315
31,cnf/KConfig/embtoolkit.dimacs,1179,32.6921399091789,33.4267545688199,1.59778664020276,5.42238181567285,5.44566440500785,0.071704477219225,5.31073603710858,5.32219378912123,0.059949031875297,0.192069586925209,0.18913284316659,0.008024045204131,8.92127884785645,8.85765594895929,0.525782078446928,9.42363447016105,9.3622074816376,0.526175478612399,0.238459405582398,0.235057285288349,0.010858327180806,0.16039278101176,0.164142789319158,0.0113413352504,0.757258115634322,0.761421552160755,0.01170510138128
32,cnf/Smarch/ref4955.dimacs,1218,60.7858821169985,60.827012214344,0.872521014706983,223.725801745132,223.546081752283,1.06637293794949,135.722365108989,135.707672653371,0.281445418091511,23.6313590328023,23.6513682603836,0.248133257403684,18.0799071722385,18.1040048052091,1.46989335083122,56.4835340520553,56.5303820057306,1.40622305553841,152.760717541398,149.620233012829,12.27449650048,52.5243559419364,52.5226570479572,0.140049255934772,119.829696709402,119.416657432681,1.45143425319224
33,cnf/Smarch/ecos-icse11.dimacs,1244,63.8899068747833,64.1030515874736,0.821310326268439,606.277041200525,606.068059059326,0.959246464259824,475.725661406973,475.420042235055,1.34487532934464,12.5270127474889,12.5242231786251,0.028251912771773,23.9613532339409,23.668000851525,1.15763599202697,75.5504387037829,75.1801919143181,1.27353057087066,439.197484043473,438.23618696141,3.63177428732717,27.5119900662452,27.5546923978254,0.170334106563087,72.8922316801548,73.1716129390989,1.06334511612338
34,cnf/Smarch/pati.dimacs,1248,62.6882679655682,62.6608815038344,0.456304071808331,183.854070555856,183.234354299726,1.39914490285456,124.589935868676,124.386541134445,0.566615441841109,8.41364837858826,8.37139669246972,0.118446789249278,20.8110609687492,20.2978533688001,2.61109934192798,61.9948813758418,61.3967365741264,2.64857766672579,162.739357426399,161.074761037016,12.8775559651265,19.8799548372626,19.8745046881959,0.088388744252852,145.778644475387,146.343162965961,2.35726572334656
35,cnf/CDL/p2106.dimacs,1262,54.9808081332315,55.1662884079851,0.690109085644304,90.6160181887448,90.3783699622145,0.546167862976365,64.1000282276887,64.2221693163737,0.554444414382638,8.78944022689015,8.79224570002407,0.046447083557321,11.1804489563033,11.1021029043477,0.822972700873503,34.4608107334562,34.2240957396571,0.872515729249195,34.9689158631489,34.9910581610166,0.249983928180032,16.8740615625307,16.8858191343024,0.064720067071247,75.224612166388,75.0870503769256,0.744599856011001
36,cnf/Smarch/integrator_arm9.dimacs,1267,208.505024236767,208.296254209359,1.43310766608343,407.796913468307,407.796353829326,0.839017911766597,279.691392931384,279.422126015648,1.96358550424776,6.11338304322213,6.10851273965091,0.013841413511894,16.9313520197198,15.8782105220016,4.11956255749976,38.8388597514387,37.7161002673674,4.14451114156949,247.208910131892,242.845597847365,8.90691368429287,12.2865187626332,12.3060544757173,0.08469114063865,393.356200397136,391.470027628122,9.91246813225018
37,cnf/Smarch/olpce2294.dimacs,1274,66.2032516786782,66.5412585048471,1.20522557760605,298.435863622185,298.520625537261,1.50014975102962,182.82856043397,182.664048606181,1.3371267633993,10.8414791979268,10.8180547039956,0.131890046206205,14.8735165462177,14.5382258188911,1.53960105613238,49.9025634025224,49.4447426153347,1.54344776176313,258.70042630964,258.985007860465,9.26283918361079,26.0453206617013,26.0153884440661,0.215265977622791,268.589356146203,268.799139092676,3.27877319900274
38,cnf/Smarch/adderII.dimacs,1276,63.3286135088978,63.466318027582,1.24780785044406,285.406017588363,285.382262697909,0.631328486975073,175.554666996808,174.379751047178,3.38967146321012,15.5690169685706,15.542630745098,0.073692070054079,11.5360066756699,11.0936606088653,1.43057163884961,37.2299602684099,36.9438167964108,1.47425375523641,209.369737347895,208.472768628271,6.39781661942408,32.5017275405675,32.5061168512329,0.158105675438179,305.868370756963,304.984963917406,4.22628960038184
39,cnf/Smarch/at91sam7sek.dimacs,1296,64.1880737520428,64.3006581641967,1.24601539499895,220.765852798414,220.395882765995,1.35273799937278,151.348710522109,151.195881009102,0.675297834200886,7.66868161391467,7.66730481851846,0.015069402374755,14.4615080055967,14.3756038669962,1.23234050291195,44.6843270068243,44.4528978222516,1.4491419812675,217.083165618069,216.355342956725,3.63956150958665,15.1741335430741,15.117431126535,0.138069045624091,66.8421943560336,67.162720161723,0.972830086053468
40,cnf/Smarch/se77x9.dimacs,1319,186.571326153972,186.59967393009,1.01859664063593,417.461284115119,417.252577038016,2.91937313842682,210.120566579946,209.893857368035,1.20109398831568,13.5644366513565,13.5700231473893,0.269082744246969,26.8149687841255,26.27779610781,1.96013343494038,80.0477245195955,79.4630525037646,2.40052547192186,225.875407844186,226.059361928841,7.19215021721578,29.2229370544851,29.230761744082,0.127339913837677,365.623835556125,363.910111055244,8.78045386014918
41,cnf/Smarch/m5272c3.dimacs,1323,62.2514005333558,62.4864729624242,1.22847928010024,184.684497419447,184.836119110231,0.690805025347159,145.644861696572,145.938862737618,0.838864405928296,13.0789131966233,13.055174484849,0.089966990752123,24.9856909467746,24.927020288771,1.35922551947092,76.4807550270204,76.4388513248414,1.45599655068296,203.098777386164,200.952982503222,7.93406530649283,29.8306613684818,29.830986992456,0.085122464459909,122.430564378332,122.421080357628,2.02199973302548
42,cnf/Smarch/phycore229x.dimacs,1360,68.7704583781306,68.7839896236546,0.453340269078872,343.518578214813,343.795113333268,1.41059545959862,217.242875299719,217.232304251869,0.404249013262086,23.3089291854948,23.2117848731577,0.241003856332398,20.8536316726264,20.4316882879939,1.84484597880853,77.406633551456,77.0813545440324,1.79397748668794,258.78957966283,257.968187517021,11.6100762894112,46.4633073543385,46.4352168943733,0.134581729554295,194.355923211863,194.354658231605,3.26025263212328
43,cnf/Smarch/freebsd-icse11.dimacs,1396,410.77189985096,411.003253806266,1.72998438323727,1800,1800,0,1800,1800,0,26.6761270193011,26.6665976401418,0.102872283433658,1800,1800,0,1800,1800,0,733.384415170271,732.651043411577,9.65673572353967,46.885092581436,46.9040389340371,0.143940724824164,626.642450690139,622.941329087363,34.4914068126534
44,cnf/CDL/ea2468.dimacs,1408,78.4660654915869,78.7364106482127,1.02574459349982,181.885477889362,182.225454539061,0.845662388272032,135.284429456117,135.186483638478,0.985849856468015,26.5619678921252,26.4945087535307,0.247885471832255,16.4411022678763,16.0182933791075,1.75336433036343,49.0690271019284,48.5871046956163,1.86694675765036,72.0850089739729,71.9803940358106,0.454456634180545,49.991155779697,49.9722297219559,0.152372321286306,99.6746952342335,99.4879891038872,1.00254025117597
45,cnf/KConfig/uClinux-distribution.dimacs,1580,35.1397260642005,34.8426328401547,0.784376326474572,4.31779357938096,4.36430243577343,0.188873923733742,3.75874967905926,3.75807658740086,0.051559946733996,0.120576954893768,0.120692470110953,0.000871636789637,5.32887724190019,5.33843026426621,0.043405977264258,5.91558453940786,5.92448648950085,0.046863610335816,0.145369397299364,0.140520369866863,0.010009922016389,0.105842492543161,0.106103812344373,0.002536598052601,0.507269377484918,0.505177651764825,0.007899020531278
46,cnf/Smarch/fiasco.dimacs,1638,23.7001255495939,23.3571252245456,1.12673544281804,4.68914182012901,4.6887036516564,0.067658563688995,4.51117987343809,4.48931480682223,0.08364951821355,0.131578832194209,0.131574255414307,0.001303768666755,8.21982835711911,8.24028699146584,0.794253288860511,8.43484589550644,8.4623310144525,0.793009160936728,0.178703477438539,0.179577552247792,0.00898465626112,0.138953934647143,0.132963084615768,0.01274530269568,0.304535839846358,0.305242330301553,0.007747931629423
47,cnf/confidential/automotive05/05latest.dimacs,1663,1800,1800,0,1800,1800,0,1800,1800,0,1800,1800,0,1800,1800,0,1800,1800,0,1800,1800,0,1800,1800,0,1800,1800,0
48,cnf/Smarch/uClinux.dimacs,1850,24.6941869647102,25.5609395896318,1.81131937008595,3.6131358068902,3.62177144712768,0.069436707555716,3.32137584178243,3.33084002742544,0.080840004990165,0.08291692763567,0.082960494793952,0.00139381029853,6.05901420033537,6.06235847296193,0.027615918689771,6.24869140930474,6.25318538211286,0.02846931481703,0.148627444375307,0.145832898328081,0.012833023545465,0.074927439130843,0.074539738707245,0.004161538723278,0.23556385114789,0.234845001017675,0.007962339053734
49,cnf/automotive01/automotive01.dimacs,2513,63.7594046456739,63.2958407106344,1.32680770002855,25.8697992123943,25.8465337723028,0.159804805053498,22.1352460228279,22.1469447296112,0.190679323836778,1.08449960745871,1.08406721800566,0.002955124235221,21.395858779503,21.5846045399085,1.98603426923836,23.7437184040248,23.9329092253465,1.98721287080121,2.85280291331001,2.8474903635215,0.040183678108442,0.85646810952574,0.854330519214273,0.017954914398658,5.96678392127156,6.04972339398228,0.193786175805078
50,cnf/confidential/automotive03/automotive03_sw.dimacs,4902,46.3159975601174,46.2668811889598,0.728632598770647,6.80509889553301,6.82051033433527,0.068320821734497,6.80767381895334,6.79844019096345,0.084270147410519,0.169908343367279,0.168661929666996,0.006098497187951,5.60954929045402,5.63035659072921,0.673158957361773,5.94979746428318,5.96908491733484,0.673250592086037,0.487324475804344,0.480422778753564,0.017591543573787,0.177917422950268,0.17788746766746,0.004336037527187,0.448761821994558,0.442782040452585,0.01366182482816
51,cnf/confidential/automotive06/automotive06_sw.dimacs,5571,56.8729205065267,56.7629673738266,0.359160330892289,7.89931355154142,7.80727297463455,0.184239449041774,7.67065634907689,7.66854549152777,0.058651187281357,0.136333213634789,0.132841721177101,0.010795566579096,6.64250084808096,6.7122041657567,0.652980917306647,6.91880361400545,6.99324783869088,0.654374124843768,0.527830292079598,0.522527774330228,0.019171579130395,0.13106644127518,0.13067863881588,0.004026295948006,0.356244485471398,0.354549935087562,0.007679692442654
52,cnf/KConfig/linux-2.6.33.3.dimacs,6467,1800,1800,0,1800,1800,0,1800,1800,0,1800,1800,0,1800,1800,0,1800,1800,0,1800,1800,0,1800,1800,0,1800,1800,0
53,cnf/Smarch/busybox-1.18.0.dimacs,6796,36.6884836331895,36.1295559494756,3.02492715680731,14.3865472580306,14.5481489058584,0.549766467492377,12.4102989209513,12.4617694023182,0.238064292408102,0.494387933462858,0.492938057519496,0.007408526898368,38.9754000628367,38.2656761943363,3.11397042230349,40.0737268294301,39.3526715226471,3.11097917368612,0.770422477023676,0.770081209717319,0.016537603635222,0.37473309982568,0.369904761202633,0.014088980354141,1.18253613269888,1.18675761460327,0.028814049231614
54,cnf/Smarch/2.6.28.6-icse11.dimacs,6888,1800,1800,0,1800,1800,0,1800,1800,0,1800,1800,0,1800,1800,0,1800,1800,0,1800,1800,0,1800,1800,0,1800,1800,0
55,cnf/confidential/automotive07/automotive07_sw.dimacs,8649,441.637172900574,441.498135378235,1.81736838890048,84.5153059571237,84.4444884860422,0.528910613493974,72.5620009867661,72.3676337960642,1.7460861748047,4.08674968749285,4.06759951263666,0.092760639765876,340.419334127838,260.576022869209,256.965197499128,355.582064620107,275.519017366227,256.952399122078,17.0853671847563,17.1644119306002,0.405604294077174,4.78453405637294,4.791988003999,0.046017344253113,26.7123845921271,26.6861857795157,0.581717286872614
56,cnf/Smarch/uClinux-config.dimacs,11254,1800,1800,0,27.4938485613838,27.2473269505427,0.605535970882351,23.4300755773671,23.2597562622977,0.511181261306118,1.03356832541525,1.03159326128662,0.010369656196871,60.1560525455885,60.2579031218775,5.37685008356049,69.4828236419614,69.5693558668718,5.37414107421336,1.94275127821602,1.93819365650415,0.031330925823831,0.853345608226955,0.852885463275016,0.013309950498809,2.20448639277369,2.19675636431202,0.033009934553187
57,cnf/Smarch/buildroot.dimacs,14910,1800,1800,0,1800,1800,0,1800,1800,0,1800,1800,0,1800,1800,0,1800,1800,0,1800,1800,0,1800,1800,0,1800,1800,0
58,cnf/automotive02/automotive2_4.dimacs,18616,1049.62009862665,1044.62994417048,9.54847689997328,128.834685945269,128.384519504616,0.882010035277926,113.924425283591,113.706617701915,1.08855219679863,115.970000888221,111.191892449744,12.9610626392431,1629.91924966788,1800,407.810230822571,1615.66964909719,1800,440.212232316595,8.70070127195679,8.67645911034197,0.197537424318657,110.621926274858,105.533758442849,13.2961350988615,70.8251132746507,70.6757072214969,1.00593789380724
59,cnf/Smarch/embtoolkit.dimacs,23516,1800,1800,0,1193.9846685341,1190.38639315672,7.22941218574547,792.453585563768,792.394512871746,3.48073023135368,26.893499924317,26.8882353454828,0.115643559553241,1531.32004534433,1800,422.09169943478,1525.34135743966,1800,428.523942400908,92.7376961096749,92.5415212316438,2.53175847962484,26.727395962663,26.7231222167611,0.07583737885576,34.7522245148849,34.6525565779302,0.435266008286368
60,cnf/Smarch/freetz.dimacs,31012,1800,1800,0,1800,1800,0,1800,1800,0,1800,1800,0,1800,1800,0,1800,1800,0,1800,1800,0,1800,1800,0,1800,1800,0
61,cnf/Smarch/2.6.32-2var.dimacs,60072,1800,1800,0,1800,1800,0,1800,1800,0,1800,1800,0,1800,1800,0,1800,1800,0,1800,1800,0,1800,1800,0,1800,1800,0
62,cnf/Smarch/2.6.33.3-2var.dimacs,62482,1800,1800,0,1800,1800,0,1800,1800,0,1800,1800,0,1800,1800,0,1800,1800,0,1800,1800,0,1800,1800,0,1800,1800,0
